video_id,harmful,reasoning
7526089595210009878,not harmful,"The description reflects on the value of life and gratitude, promoting a positive and uplifting message without any harmful content."
7525374920298188054,not harmful,"The description appears to be about dancing and supporting a national sports team, with no indication of harmful content under the specified framework."
7524292924507426078,not harmful,"The description simply includes a hashtag and the word ""baby,"" which does not indicate any harmful content under the specified framework."
7525497634895711510,not harmful,"The description contains hashtags and an emoji that suggest humor or entertainment, with no indication of harmful content as per the provided framework."
7524693906202660118,not harmful,"The description ""Coincidenza da film"" translates to ""Movie-like coincidence"" and does not contain any harmful content as per the provided framework. It appears to be a benign statement likely referring to an interesting or unexpected event."
7523246058491907350,not harmful,The description promotes a clothing item that addresses a common body comfort issue without promoting disordered eating or negative body image. It does not contain any harmful content as per the framework.
7524415474935893270,not harmful,"The description appears to be about a new look or style in Zanzibar, which does not fall under any of the harmful content categories listed. It seems to be a lighthearted or humorous post, likely related to fashion or travel."
7522514239014112534,not harmful,"The description is about a kitchen appliance (an air fryer) and its features, which is not harmful content. It does not contain any themes related to mental health, mature themes, shocking content, hate speech, abuse, addiction, or misinformation."
7524775660254989590,not harmful,The description is a simple statement about going out for dinner and does not contain any harmful content as per the provided framework.
7525378106174016824,unclear,"I'm sorry, but it seems like there is no video description provided for classification. Could you please provide the description of the TikTok video you would like me to classify?"
7526210308453551382,not harmful,"The description humorously suggests that running is beneficial, which does not fall under any harmful content categories."
7525159743791402262,not harmful,"The description does not contain any harmful content as per the specified framework. It appears to be a teaser or announcement about revealing a friend, which does not fall under any of the harmful categories."
7525995841090276630,not harmful,The description appears to be about a party or celebration and does not contain any references to harmful content as outlined in the harmful content framework.
7525422467616378135,not harmful,"The description appears to be a playful or nonsensical phrase, similar to a tongue twister or a play on words, and does not contain any harmful content as per the specified framework."
7524836677697817878,not harmful,The description does not contain any harmful content as per the framework. It appears to be promoting a viral video without any specific context that suggests it includes harmful themes.
7525382852557475094,unclear,"I'm sorry, but I need a video description to classify it as 'harmful' or 'not harmful'. Please provide the description you would like me to evaluate."
7525881242726812950,harmful,"The description refers to a shocking and graphic incident involving a person being sucked into an airplane turbine, which falls under the category of strong and frightening imagery. This type of content can be distressing and is not suitable for minors."
7524681313882836246,not harmful,"The description does not contain any harmful content as per the provided framework. It simply suggests that the person has an interesting life with stories to tell, without any indication of mature themes, shocking content, or other harmful elements."
7525500481419021591,not harmful,"The description is focused on fashion and luxury items, specifically mentioning a Chanel bag and tennis, without any reference to harmful content or themes."
7525771619768306966,not harmful,"The description is expressing admiration and excitement about a concert, which does not fall under any of the harmful content categories."
7526263941396483350,harmful,"This description suggests a racial context that could promote stereotypes or racial bias, which falls under hate speech or behavior."
7525144376725589270,not harmful,"The description ""CIAOOO"" is simply a greeting in Italian and does not contain any harmful content as per the specified framework."
7526165377357761814,not harmful,"The description appears to be a lighthearted comment about a trend or meme, with no indication of harmful content such as disordered eating, self-harm, mature themes, shocking content, hate speech, abuse, addiction, or misinformation."
7525050398047030550,not harmful,"The description ""@camüë©üèº‚Äçü¶∞"" does not contain any harmful content or themes as outlined in the framework. It appears to be a simple mention or tag without context suggesting toxicity."
7524290275536063766,not harmful,"The description appears to be promoting a product related to convenience or comfort, likely a smaller or more manageable item compared to a large mattress. There is no indication of harmful content or themes that would be inappropriate for minors."
7518024620423908630,not harmful,"The video descriptions provided do not contain any harmful content as per the specified framework. They discuss topics like food, technology, personal experiences, travel advice, and cars, none of which fall under the categories of mental and behavioral health issues, mature themes, shocking content, hate speech, abuse, addiction, or misinformation."
7525233806333316374,not harmful,"The description is about a live show or concert experience, which does not contain any harmful content as per the provided framework."
7525793072060337410,not harmful,"The description ""@Viola Silvi üíõ"" does not contain any harmful content or themes as outlined in the harmful content framework. It appears to be a simple mention or tag of a user, possibly expressing affection or support."
7525502735421164822,not harmful,"The description ""Ah"" is vague and does not contain any harmful content or themes as outlined in the harmful content framework."
7524401381256465686,not harmful,"The description appears to be about a police officer attempting to manage a traffic incident, which does not fall under any of the harmful content categories listed."
7526135440949218582,not harmful,"The description appears to be expressing affection or love, likely towards a pet or a small child, and does not contain any harmful content as per the specified framework."
7522507818218360086,not harmful,The description simply mentions being a tall girl and includes hashtags. There is no indication of harmful content related to the specified categories.
7525052521291910422,not harmful,The description contains hashtags related to fitness and does not indicate any harmful content under the specified framework.
7525406297777261846,not harmful,The description is simply about sharing personal preferences for places to have an aperitif in Milan and does not contain any harmful content as per the framework provided.
7524784757763312918,not harmful,"The description appears to be a lighthearted or humorous reference to an unplanned event, likely related to a nostalgic memory from the 1990s. There is no indication of harmful content based on the provided framework."
7526202804948536598,not harmful,The description is vague and does not contain any harmful content or references to any of the categories listed in the harmful content framework. It simply expresses enjoyment of a trend.
7524589178399558934,not harmful,"The description translates to ""It's always gossip time,"" which does not fall under any harmful content categories and is generally harmless."
7526231835630636310,not harmful,"The description does not contain any harmful content as per the framework. It simply describes a yacht battling natural elements, which is not inherently dangerous or harmful."
7526234388783303958,not harmful,"The description does not contain any harmful content related to the specified categories such as disordered eating, self-harm, mature themes, shocking content, hate speech, abuse, addiction, or misinformation. It appears to be a playful or humorous statement without harmful implications."
7524354696849460503,not harmful,The description appears to be a humorous take on a sales tactic and does not contain any harmful content related to the specified categories.
7525875310387023126,not harmful,No video description was provided to evaluate for harmful content.
7525871918826753302,not harmful,"The description expresses confusion about hate but does not promote or engage in any harmful content. It includes hashtags related to flowers and gifts, which are not harmful."
7525969031724027158,not harmful,"The description appears to be a simple mention of a person's face and an Instagram handle, with no indication of harmful content as per the specified framework."
7525214372327705878,not harmful,"The description discusses a car accident and damage to a vehicle, which does not fall under any of the harmful content categories such as disordered eating, self-harm, or mature themes. It does not contain shocking or graphic content, hate speech, abuse, addiction, or misinformation."
7525137586877173014,not harmful,"The description is a lighthearted and humorous anecdote about a shopping experience, with no reference to harmful content or themes."
7526670715777551638,not harmful,"The description appears to be a series of hashtags related to a specific event or activity, possibly involving water (""acqua""). There is no indication of harmful content based on the provided framework."
7525120138346122518,not harmful,"The description ""datemi due settimaneüòÇ"" (which translates to ""give me two weeksüòÇ"") does not contain any harmful content as per the specified framework. It appears to be a humorous or light-hearted statement without any reference to harmful themes."
7526246537375190278,not harmful,"The description appears to reference a gender reveal, which is generally a harmless event and does not fall under any of the harmful content categories listed."
7523870811963493634,not harmful,"The description ""la nostra quarta estate"" translates to ""our fourth summer"" in English. It does not contain any harmful content as per the provided framework."
7525530334570482966,not harmful,"The description is a positive and motivational statement about personal change and goals, with no reference to harmful content or themes."
7525173379477867798,not harmful,The description expresses admiration for someone's appearance and humorously asks for help in finding them. It does not contain any harmful content as per the specified framework.
7525589366220000534,not harmful,"The description contains hashtags related to humor and cars, and mentions friends. There is no indication of harmful content such as disordered eating, self-harm, mature themes, shocking content, hate speech, abuse, addiction, or misinformation."
7524648549766712598,not harmful,"The description discusses choosing furniture for a new home, which is a positive and non-harmful activity. There is no mention of any harmful content or themes."
7524350409587084566,not harmful,"The description appears to be about a personal or family event involving a wedding and a hospital visit, which does not fall under any of the harmful content categories listed."
7525116360251182358,not harmful,No video description was provided to evaluate for harmful content.
7526937258897739030,not harmful,"The description ""bell'idea"" (which translates to ""good idea"" in English) does not contain any harmful content as per the specified framework. It does not reference any mature themes, shocking content, hate speech, abuse, addiction, or misinformation."
7526494678363950369,not harmful,The description provides information about the safe recovery of a missing child and does not contain any harmful content as per the specified framework.
7525036627371101462,not harmful,"The description ""Piccreee"" does not contain any harmful content or themes as outlined in the harmful content framework. It appears to be a nonspecific or playful term without context suggesting toxicity."
7526086824318553366,not harmful,The description consists of hashtags and emojis that do not indicate any harmful content. There is no reference to any of the harmful content categories listed in the framework.
7524729889195347222,not harmful,"The description suggests a humorous and light-hearted video involving a team trying out headshots, likely in a safe and controlled environment given the context of ""stuntman"" and ""funny."" There is no indication of harmful or dangerous content."
7525499368191855894,not harmful,"The description discusses an age gap in a relationship, which is not inherently harmful or harmful. It does not contain any of the harmful content categories listed, such as disordered eating, self-harm, or mature themes."
7524633008939224342,not harmful,The description is about someone getting a haircut before going to the beach and mentions a visit from someone associated with a pastry shop. It does not contain any harmful content as per the specified framework.
7525114524895137037,not harmful,"The description contains hashtags related to travel and humor, with no indication of harmful content as per the specified framework."
7525846202538265878,not harmful,"The description ""chi paga????"" (which translates to ""who pays????"" in English) does not contain any harmful content as per the specified framework. It does not reference any of the categories such as disordered eating, self-harm, mature themes, shocking content, hate speech, abuse, addiction, or misinformation."
7526153762008894743,not harmful,The description is related to football (soccer) and does not contain any harmful content as per the harmful content framework. It appears to be a sports-related post celebrating a player's return.
7525420247810051350,not harmful,"The description is a positive and harmless statement about a duo, with no reference to any harmful content or themes."
7525118386003627286,not harmful,"The description appears to be about friends having fun and dancing, which does not fall under any of the harmful content categories listed."
7510962031768390918,not harmful,"The description appears to be a lighthearted and humorous post involving personal opinions and interactions, with no indication of harmful content such as disordered eating, self-harm, mature themes, shocking content, hate speech, abuse, addiction, or misinformation."
7525877803401907458,not harmful,"The description is in Italian and translates to ""But even after an hour eh‚Ä¶ @laurafinozzi."" It does not contain any harmful content related to the specified categories."
7524020494203538710,not harmful,"The description ""@Alessia #truestory"" does not contain any harmful content as per the provided framework. It appears to be a simple mention of a user and a hashtag, likely indicating a personal story or anecdote."
7523608732589215006,not harmful,"The description ""#4thofjuly"" is a reference to a national holiday in the United States and does not inherently contain any harmful content as outlined in the harmful content framework."
7508871616894455096,not harmful,"The description primarily contains hashtags and mentions of users, with no explicit or harmful content related to the harmful content framework. There is no indication of disordered eating, self-harm, mature themes, shocking content, hate speech, abuse, addiction, or misinformation."
7524686814003612950,not harmful,The description appears to be about a dog and does not contain any harmful content as per the harmful content framework.
7525573634211990817,harmful,"The description contains strong and frightening imagery, such as possession, levitation, and violent actions by a demon, which can be disturbing to minors. It falls under the category of Shocking and Graphic Content."
7516168460276174102,not harmful,"The descriptions provided do not contain any harmful content as per the framework. They mostly discuss general topics like beauty tutorials, sports, podcasts, and baking, which are safe for all audiences."
7525592369954295042,not harmful,"The description does not contain any harmful content related to the specified categories. It appears to be a casual or promotional post, likely related to music or a vacation, without any indication of mature themes, violence, or misinformation."
7526220244042534166,not harmful,"The description is in Italian and translates to ""Please remove them."" It does not contain any harmful content based on the provided framework."
7526278304085675286,not harmful,"The description consists of an airplane emoji, which does not suggest any harmful content or themes."
7522552866494549270,not harmful,The description only contains mentions of usernames and does not include any harmful content or themes.
7524770156736744710,unclear,"I'm sorry, but I need a video description to classify it as 'harmful' or 'not harmful'. Please provide the description you would like me to evaluate."
7526615233520061718,not harmful,"The description appears to be about a humorous or entertaining encounter with financial authorities, likely related to a motorcycle vlog. There is no indication of harmful content such as disordered eating, self-harm, mature themes, shocking content, hate speech, abuse, addiction, or misinformation."
7524353496242523415,not harmful,No description was provided to evaluate for harmful content.
7525794654189751574,not harmful,"The description appears to be a question about a song, which does not fall under any of the harmful content categories listed."
7525802740962823446,not harmful,"The description consists of hashtags related to motorcycles and motorsports, which do not fall under any of the harmful content categories listed."
7525775639949937943,not harmful,"The description mentions losing patience in a non-official context, which does not fall under any of the harmful content categories such as disordered eating, self-harm, or mature themes. It appears to be a light-hearted or humorous admission rather than promoting harmful behavior."
7524834361464851735,not harmful,"The description appears to be about a casual or fun event with friends, indicated by the hashtags related to a location and summer. There is no indication of harmful content based on the provided framework."
7525002748551613718,not harmful,"The description ""#perte"" is vague and does not inherently suggest any harmful content under the specified framework. It does not reference any specific themes related to mental health, mature themes, shocking content, hate speech, abuse, addiction, or misinformation."
7526274089372093718,not harmful,"The description refers to a wedding and mentions LEGO, which suggests a playful or creative theme. There is no indication of harmful content related to the specified categories."
7527637221105503510,not harmful,"The description ""loco di te"" (which translates to ""crazy about you"" in English) does not contain any harmful content as per the provided framework. It appears to be a benign expression of affection or admiration."
7526946789207903510,not harmful,"The description simply includes a hashtag and a mention of a user, without any indication of harmful content as per the specified framework."
7526943912662027542,not harmful,The description is a light-hearted comment about being in great shape and does not contain any harmful content as per the specified framework.
7526610866733681942,unclear,"I'm sorry, but I need a specific video description to classify it as 'harmful' or 'not harmful'. Please provide the description you would like me to evaluate."
7526973477438459158,not harmful,"The description appears to be about a trekking experience in the Dolomites, specifically at Tre Cime di Lavaredo, and includes hashtags related to the location and activity. There is no indication of harmful content based on the provided framework."
7527328321701481750,not harmful,"The description ""Finalmente il momento √© arrivato"" translates to ""Finally the moment has arrived"" in English. It does not contain any harmful content as per the specified framework."
7527269028172172566,not harmful,"The video descriptions provided do not contain any harmful content as per the specified framework. They include references to pets, TV shows, sports, dance, and personal experiences, none of which fall under the categories of harmful content outlined."
7526558288289303831,not harmful,"The description ""Time fliesüí®"" does not contain any harmful content related to the specified categories. It is a general statement that is unlikely to be harmful to minors."
7526536592266235158,not harmful,The description simply tags two users and does not contain any harmful content or themes as outlined in the harmful content framework.
7526510817370524950,unclear,"I'm sorry, but I need a description of the TikTok video to classify it as 'harmful' or 'not harmful'. Please provide the description so I can assist you further."
7526590499357052182,not harmful,"The description is about meeting up outside a stadium for a concert, which does not fall under any harmful content categories such as disordered eating, self-harm, mature themes, shocking content, hate speech, abuse, addiction, or misinformation."
7526663027203034390,not harmful,"The description mentions an unusual plant growing near a police station, which does not inherently contain any harmful content as per the specified framework. There is no indication of disordered eating, mature themes, shocking content, hate speech, abuse, addiction, or misinformation."
7526570064632483094,not harmful,The description appears to be promoting a visit to a water park and includes hashtags and mentions of friends. There is no indication of harmful content related to the specified categories.
7526964038979341590,not harmful,"The description does not contain any harmful content as per the provided framework. It appears to be a lighthearted or humorous post, indicated by the use of laughing emojis and general hashtags."
7526101249452674326,not harmful,"The description ""L‚ÄôAmore üß°"" simply translates to ""Love"" in Italian with a heart emoji, which does not indicate any harmful content or themes."
7526459933156478230,not harmful,"The description appears to be a lighthearted or humorous comment about the wind, with no indication of harmful content such as disordered eating, self-harm, mature themes, shocking content, hate speech, abuse, addiction, or misinformation."
7527691009958923542,not harmful,No video description was provided to evaluate for harmful content.
7526122349804915990,harmful,"The use of tongue emojis can be interpreted as sexually suggestive content, which falls under the category of Mature Themes. This type of content is not suitable for minors."
7526995650865630486,not harmful,"The description translates to ""things change with education,"" which is a positive and non-harmful statement promoting the value of education. It does not fall under any of the harmful content categories."
7527285348062235926,not harmful,"The description mentions edits of Mike Tyson, which is likely related to boxing or sports content. There is no indication of harmful content such as disordered eating, self-harm, mature themes, shocking content, hate speech, abuse, addiction, or misinformation."
7497277391014792470,not harmful,"The video descriptions provided do not contain any harmful content as per the specified framework. They discuss topics like overcoming social anxiety, relationships, and general lifestyle themes without promoting any dangerous or mature themes."
7526112688666135830,not harmful,The description does not contain any harmful content related to the specified categories. It appears to be a general or humorous statement likely related to a family or personal situation.
7526482541109529878,not harmful,"The description appears to be about a personal dream related to a career in law enforcement, with no harmful or mature content present."
7527646409038908694,not harmful,"The description ""CI AVEVO SPERATO‚Ä¶"" (translated as ""I had hoped..."") does not contain any explicit references to harmful content such as disordered eating, self-harm, mature themes, shocking content, hate speech, abuse, addiction, or misinformation. It appears to be a vague or personal expression without context indicating harm."
7525193240166010135,not harmful,No description was provided to evaluate for harmful content.
7527346847669603606,not harmful,"The description appears to be a humorous or casual request for a lifeguard, likely in a beach or pool setting, and does not contain any harmful content as per the specified framework."
7525186909996322070,not harmful,The description appears to be promoting a holiday with a travel company and does not contain any harmful content as per the specified framework.
7525489717232684310,not harmful,"The description does not contain any harmful content as per the provided framework. It appears to be a supportive or memorial message, likely referring to a person or event, without any indication of mature themes, shocking content, or other harmful elements."
7527287260887125270,not harmful,"The description contains humorous and ironic content, references to cultural figures, and a call for support and solidarity. There is no indication of harmful content as per the specified framework."
7526969601960201494,not harmful,No video description was provided to evaluate for harmful content.
7525945563888520470,not harmful,"The description consists of hashtags related to dogs, specifically the Malinois breed, and does not contain any harmful content as per the provided framework."
7526635976454720790,not harmful,"The description is about a tennis player, Jannik Sinner, and his achievement at Wimbledon. It does not contain any harmful content as per the specified framework."
7523193591708044566,not harmful,"The description ""#takemymind"" is vague and does not inherently suggest any harmful content based on the provided framework. Without additional context, it does not appear to promote or reference any harmful themes."
7525679427515108630,unclear,"I'm sorry, but it seems like there is no video description provided for classification. Could you please provide the description you would like me to classify?"
7526627555739307286,not harmful,"The description is about horses and equestrian life, which does not fall under any harmful content categories. It appears to be a lighthearted and positive post."
7526499207184780566,not harmful,"The description is about visiting a location in Italy and does not contain any harmful content related to the specified categories. It focuses on travel and adventure, which is suitable for all audiences."
7526613231490600214,not harmful,The description does not contain any harmful content as per the provided framework. It appears to be a personal or humorous statement without references to any harmful themes.
7526575559833406742,not harmful,"The description is about someone finishing all the focaccia, which is a type of bread, and includes various gym-related hashtags. There is no indication of harmful content related to the specified categories."
7526876056326917398,not harmful,"The description is a simple expression of admiration or affection towards a public figure, without any harmful or inappropriate content."
7524745710844038422,not harmful,"The description appears to be about a cover song and does not contain any references to harmful content such as disordered eating, self-harm, mature themes, shocking content, hate speech, abuse, addiction, or misinformation."
7525861442889846038,not harmful,The description does not contain any harmful content as per the provided framework. It appears to be a promotional or supportive message without any indication of toxicity.
7525869783196110102,not harmful,"The description ""@Camilla Masato"" does not contain any harmful content or themes as outlined in the harmful content framework. It appears to be a simple mention or tag of a user."
7526959127499705622,not harmful,"The description appears to reference a tennis player and a tennis tournament, which does not fall under any of the harmful content categories listed."
7526624733253733654,not harmful,"The description appears to be a playful or humorous reference to a song or trend, without any indication of harmful content such as disordered eating, self-harm, mature themes, shocking content, hate speech, abuse, addiction, or misinformation."
7526251206549736726,not harmful,No video description was provided to evaluate for harmful content.
7526490754290650390,not harmful,"The description contains emojis and hashtags related to holidays, which do not indicate any harmful content under the specified framework."
7525132552395394336,not harmful,"The description contains hashtags and location tags that do not indicate any harmful content or themes related to the harmful content framework. There is no mention of disordered eating, self-harm, mature themes, shocking content, hate speech, abuse, addiction, or misinformation."
7527299422841998614,not harmful,"The description appears to be about a location in Croatia and includes hashtags related to travel and experiences. There is no indication of harmful content such as disordered eating, self-harm, mature themes, shocking content, hate speech, abuse, addiction, or misinformation."
7527270262698478870,not harmful,The description discusses labor conditions and a campaign for economic change without promoting harmful content. It does not fall under any of the harmful content categories outlined in the framework.
7526985216129387798,not harmful,"The description does not contain any harmful content as per the provided framework. It appears to be a lighthearted comment about not being included in a group due to not knowing a trend, which is not harmful or inappropriate for minors."
7527308310496808194,not harmful,"The description does not contain any harmful content as per the specified framework. It appears to be a lighthearted comment about a non-functioning accelerator, likely referring to a vehicle or a metaphorical situation, without any mature, shocking, or abusive themes."
7526502130715217174,not harmful,"The description contains hashtags related to trends, memes, and artificial intelligence, which are generally harmless and do not fall under any of the harmful content categories listed."
7526638263625420054,not harmful,"The description appears to be about pride in a sports event, specifically Wimbledon, and does not contain any harmful content as per the provided framework."
7526185892407495958,not harmful,The description discusses a marriage event and does not contain any harmful content related to the specified categories.
7526917188314402050,not harmful,"The description appears to be about a fashion trend or hairstyle for 2025, which does not fall under any harmful content categories."
7526091654718065942,not harmful,"The description ""the turtle woman üê¢"" does not contain any harmful content as per the provided framework. It appears to be a playful or humorous reference without any indication of mature themes, violence, or other harmful elements."
7524367234261634326,not harmful,"The description ""Twennyfreee #fyp"" does not contain any harmful content as per the provided framework. It appears to be a playful or nonsensical phrase likely intended to engage with the ""For You Page"" (fyp) algorithm on TikTok."
7526306988985224470,not harmful,"The description appears to be a lighthearted and humorous message directed at a friend, with no indication of harmful content such as disordered eating, self-harm, mature themes, shocking content, hate speech, abuse, addiction, or misinformation."
7526212982758575415,not harmful,The description appears to be about a type of food (French toast) and includes hashtags that suggest it is related to a popular trend or a pet (Frenchie). There is no indication of harmful content based on the provided framework.
7525146815579049238,not harmful,"The description ""Canale I Maturi!"" does not contain any harmful content as per the provided framework. It does not reference any mature themes, shocking content, hate speech, abuse, addiction, or misinformation."
7525447695784348983,not harmful,"The description does not contain any references to harmful content such as disordered eating, self-harm, mature themes, shocking content, hate speech, abuse, addiction, or misinformation. It appears to be a general, relatable post without any harmful implications."
7527647849748663574,not harmful,The description discusses a complex romantic situation in a lighthearted and humorous manner without any harmful or mature themes.
7524118947382168854,not harmful,"The description ""Ulcinj with a view ‚ú®"" does not contain any harmful content as per the provided framework. It appears to be a simple, positive statement likely referring to a scenic view in Ulcinj, which is a location in Montenegro."
7527392487661407511,not harmful,"The description appears to be a playful or humorous reference to being a ""doctor"" in the genre of trap music, which does not inherently contain harmful content as per the provided framework."
7527378888473758998,not harmful,"The description appears to be a simple announcement or promotion of a season finale, likely related to a show or series, and does not contain any harmful content as per the specified framework."
7526165788969946390,not harmful,"The description appears to be about a humorous or accidental situation involving people in water, without any indication of harmful or mature content. It does not fall under any of the harmful content categories listed."
7525812463053442326,not harmful,The description contains emojis and hashtags that do not indicate any harmful content or themes. There is no reference to any of the harmful content categories listed in the framework.
7525904006972067094,not harmful,The description contains hashtags related to technology and does not reference any harmful content or themes outlined in the harmful content framework.
7526324072964312342,not harmful,"The description is light-hearted and humorous, discussing tattoos in a playful manner without promoting any harmful behavior or content."
7519144265591819542,not harmful,No video description was provided to evaluate for harmful content.
7525878898891017494,not harmful,"The description reports a tragic accident involving a young person, but it does not promote or encourage dangerous activities. It serves as a news report rather than content that could be harmful or suggestive for minors."
7526243780597681431,not harmful,The description discusses friendship between males and females and does not contain any harmful content as per the provided framework.
7525347278152944918,not harmful,The description does not contain any harmful content related to the specified categories. It appears to be a general tag for a relationship-related video.
7525444232161660182,not harmful,"The description ""Ops"" is vague and does not provide any specific information that would classify it under any harmful content categories."
7525939992871374102,not harmful,"The description ""Non fate caso al fal√≤ üî• @Jenny Guardiano"" does not contain any harmful content as per the specified framework. It appears to be a casual mention of a bonfire, which is not inherently dangerous or inappropriate."
7526544240734768406,not harmful,"The description ""#fyp"" is a common hashtag used on TikTok to indicate ""For You Page"" and does not contain any harmful content as per the specified framework."
7526139773656829206,not harmful,"The description ""@Rebecca Parziale tutto sbagliato"" does not contain any harmful content as per the specified framework. It appears to be a personal comment or opinion without any indication of harmful themes."
7526551528660864258,not harmful,"The description appears to be about a football (soccer) match or comparison between two players, Donnarumma and Kroos. It does not contain any harmful content as per the specified framework."
7525478091951492374,unclear,"I'm sorry, but I need a specific video description to classify it as 'harmful' or 'not harmful'. Please provide the description you would like me to evaluate."
7526210308453551382,not harmful,"The descriptions provided do not contain any harmful content as per the framework. They appear to be light-hearted and humorous, focusing on running, a viral trend, and a product, without any indication of mature themes, shocking content, hate speech, abuse, addiction, or misinformation."
7526472476227013910,unclear,"I'm sorry, but it seems like there is no video description provided for me to classify. Could you please provide the description of the TikTok video you would like me to evaluate?"
7525989188794125590,not harmful,The description appears to be a farewell or travel-related message with hashtags and mentions of users. There is no indication of harmful content based on the provided framework.
7526169299715656983,not harmful,"The description ""Costruendo Ricordi üíå"" translates to ""Building Memories üíå"" in English, which does not indicate any harmful content or themes. It appears to be a positive or neutral statement likely related to creating or sharing memories."
7526890379732585751,not harmful,The description provides fashion advice related to wearing sandals and does not contain any harmful content as per the specified framework.
7526035089956949270,not harmful,"The description appears to be related to a holiday or travel experience, likely promoting a vacation or destination. There is no indication of harmful content based on the provided framework."
7526978795744644385,not harmful,"The description does not contain any harmful content as per the framework. It appears to be a casual or promotional statement about arriving in a Bugatti, which is a luxury car, and includes hashtags for visibility."
7525124533863451926,not harmful,The description contains hashtags related to pets and does not indicate any harmful content as per the harmful content framework.
7526172149518732566,not harmful,"The description ""last day here"" is vague and does not inherently suggest any harmful content or themes outlined in the harmful content framework. It could refer to a variety of non-harmful situations, such as the last day of a trip or job."
7528097665817595158,not harmful,"The description appears to be a personal message or tribute, likely expressing love or remembrance. It does not contain any harmful content as per the specified framework."
7528006372076588310,not harmful,"The description contains hashtags and an emoji related to trucking, which does not fall under any harmful content categories."
7526898772014632214,unclear,"I'm sorry, but I need a specific video description to classify it as 'harmful' or 'not harmful'. Please provide the description you would like me to evaluate."
7528390461778611478,not harmful,"The description is related to football (soccer) and challenges, which are generally safe and non-harmful activities. There is no indication of any harmful content as per the provided framework."
7528759783734693142,not harmful,"The description appears to be about a concert and does not contain any references to harmful content such as disordered eating, self-harm, mature themes, shocking content, hate speech, abuse, addiction, or misinformation."
7528888745299283222,unclear,"I'm sorry, but I need a description of the TikTok video to classify it as 'harmful' or 'not harmful'. Could you please provide the description?"
7528408301990694166,unclear,"I'm sorry, but I need a description of the TikTok video to classify it as 'harmful' or 'not harmful'. Could you please provide the description?"
7528111917056019734,not harmful,"The description discusses tourists leaving behind items like water when they check out, which is a common and harmless observation related to hospitality and tourism. There is no mention of harmful content or themes."
7529222658802584854,not harmful,"The description appears to be about a car wash involving a Ferrari and does not contain any references to harmful content such as disordered eating, self-harm, mature themes, shocking content, hate speech, abuse, addiction, or misinformation."
7528191512228793622,not harmful,"The description contains hashtags that appear to be related to growth, virality, and personal content, without any indication of harmful or mature themes."
7500631557137321238,not harmful,"The description is about a pastry and does not contain any harmful content related to the specified categories. It is safe for all audiences, including minors."
7529637423366556950,not harmful,"The description appears to be a personal expression of affection or enjoyment of life, with no indication of harmful content as per the specified framework."
7529976870197103886,unclear,"I'm sorry, but I need a specific video description to classify it as 'harmful' or 'not harmful'. Please provide the description you would like me to evaluate."
7515385967105199378,not harmful,"The description appears to be related to a music group or fan content, with no indication of harmful content such as disordered eating, self-harm, mature themes, shocking content, hate speech, abuse, addiction, or misinformation."
7508351097275174166,not harmful,"The description does not contain any harmful content as per the provided framework. It appears to be a light-hearted or playful comment without any indication of mature themes, hate speech, or other harmful elements."
7515385967105199378,not harmful,"The description appears to be related to a music group or fan content, with no indication of harmful content such as disordered eating, self-harm, mature themes, shocking content, hate speech, abuse, addiction, or misinformation."
7500631557137321238,not harmful,The description is about a pastry or dessert and does not contain any harmful content as per the framework provided.
7500631557137321238,not harmful,"The description is about a pastry and does not contain any harmful content as per the harmful content framework. It is related to food and dessert, which is generally safe for all audiences."
7529976870197103886,unclear,"I'm sorry, but I need a description of the TikTok video to classify it as 'harmful' or 'not harmful'. Please provide the description so I can assist you further."
7515385967105199378,not harmful,"The description appears to be related to a music group or fan content, with no indication of harmful content such as disordered eating, self-harm, mature themes, shocking content, hate speech, abuse, addiction, or misinformation."
7529976870197103886,not harmful,No video description was provided to evaluate for harmful content.
7500631557137321238,not harmful,The description is about a pastry and does not contain any harmful content related to the specified categories.
7529976870197103886,not harmful,No description was provided to evaluate for harmful content.
7529976870197103886,unclear,"I'm sorry, but I need a specific video description to classify it as 'harmful' or 'not harmful'. Please provide the description you would like me to evaluate."
7500631557137321238,not harmful,"The description is about a pastry and does not contain any harmful content related to the specified categories. It is safe for all audiences, including minors."
7500631557137321238,not harmful,"The description is about a pastry and does not contain any harmful content as per the framework. It is related to food and dessert, which is safe for all audiences."
7528936530925112589,not harmful,"The description appears to be humorous and does not contain any references to harmful content such as disordered eating, self-harm, mature themes, shocking content, hate speech, abuse, addiction, or misinformation."
7529542416383184150,unclear,"I'm sorry, but I need a video description to classify it as 'harmful' or 'not harmful'. Please provide the description you would like me to evaluate."
7529542416383184150,unclear,"I'm sorry, but I need a video description to classify it as 'harmful' or 'not harmful'. Please provide the description you would like me to evaluate."
7529974595743681815,unclear,"I'm sorry, but I need a specific video description to classify it as 'harmful' or 'not harmful'. Please provide the description you would like me to evaluate."
7529976870197103886,unclear,"I'm sorry, but I need a description of the TikTok video to classify it as 'harmful' or 'not harmful'. Please provide the description so I can assist you further."
7528936530925112589,not harmful,"The description appears to be humorous and does not contain any references to harmful content such as disordered eating, self-harm, or any other categories listed in the harmful content framework."
7500631557137321238,not harmful,"The description is about a pastry and does not contain any harmful content as per the harmful content framework. It is related to food and dessert, which is safe for all audiences."
7529542416383184150,not harmful,No video description was provided to evaluate for harmful content.
7528936530925112589,not harmful,"The description appears to be humorous and does not contain any references to harmful content such as disordered eating, self-harm, or any other categories listed in the harmful content framework. It seems to be a playful or comedic statement without any indication of mature themes or shocking content."
7500631557137321238,not harmful,The description is about a pastry and does not contain any harmful content related to the specified categories.
7529976870197103886,unclear,"I'm sorry, but I need a description of the TikTok video to classify it as 'harmful' or 'not harmful'. Could you please provide the description?"
7529974595743681815,unclear,"I'm sorry, I can't classify the video descriptions without any content provided. Please provide the descriptions you would like me to classify."
7529976870197103886,unclear,"I'm sorry, but I can't classify the video descriptions without any content provided. Could you please provide the descriptions you would like me to classify?"
7529974595743681815,unclear,"I'm sorry, but I need a video description to classify it as 'harmful' or 'not harmful'. Please provide the description you would like me to evaluate."
7529960674760363287,not harmful,"The description ""ü§´"" is vague and does not provide any context or indication of harmful content. It does not fall under any of the harmful content categories listed."
7529542416383184150,not harmful,No description was provided to evaluate for harmful content.
7503739013912628523,not harmful,"The description does not contain any harmful content related to the specified categories. It focuses on personal appearance changes like hair and self-tanning, which are common and generally safe topics."
7529976870197103886,not harmful,No video description was provided to evaluate for harmful content.
7519981705139113238,not harmful,"The description is a playful message likely directed at a parent, with no indication of harmful content or themes."
7515385967105199378,not harmful,"The description appears to be related to a music group or fan content, with no indication of harmful content such as disordered eating, self-harm, mature themes, shocking content, hate speech, abuse, addiction, or misinformation."
7529752469019151672,not harmful,This description appears to be a promotional message for a fragrance product and does not contain any harmful content as defined by the framework.
7529542416383184150,unclear,"I'm sorry, but I need a video description to classify it as 'harmful' or 'not harmful'. Please provide the description of the TikTok video you would like me to evaluate."
7529637423366556950,not harmful,"The description is in French and translates to ""I love my life too much even if he put pressure on me."" It does not contain any harmful content as per the specified framework."
7529542416383184150,unclear,"I'm sorry, but I need a specific video description to classify it as 'harmful' or 'not harmful'. Please provide the description you would like me to evaluate."
7529974595743681815,unclear,"I'm sorry, but I need a description of the TikTok video to classify it as 'harmful' or 'not harmful'. Could you please provide the description?"
7529542416383184150,not harmful,No video description was provided to evaluate for harmful content.
7521322386084449543,not harmful,"The description shares a positive and harmless fact about a music group, with no indication of harmful content."
7529976870197103886,unclear,"I'm sorry, but I need a specific video description to classify it as 'harmful' or 'not harmful'. Please provide the description you would like me to evaluate."
7515385967105199378,not harmful,"The description appears to be related to a music group or fan content, with no indication of harmful content such as disordered eating, self-harm, mature themes, shocking content, hate speech, abuse, addiction, or misinformation."
7529976870197103886,unclear,"I'm sorry, but I need a description of the TikTok video to classify it as 'harmful' or 'not harmful'. Please provide the description so I can assist you further."
7489888799988649247,not harmful,"The description is about funny cat videos and does not contain any harmful content as per the specified framework. It is suitable for all audiences, including minors."
7529752469019151672,not harmful,This description appears to be a promotional message for a fragrance product and does not contain any harmful content as defined by the framework.
7529189388408917270,not harmful,"The description is humorous and light-hearted, discussing a social situation and a chance encounter. There is no indication of harmful content such as disordered eating, self-harm, mature themes, shocking content, hate speech, abuse, addiction, or misinformation."
7489888799988649247,not harmful,"The description is about funny cat videos, which do not fall under any harmful content categories such as disordered eating, self-harm, or any other mature or shocking themes. It is suitable for all audiences, including minors."
7500631557137321238,not harmful,"The description is about a pastry and does not contain any harmful content related to the specified categories. It is safe for all audiences, including minors."
7529974595743681815,unclear,"I'm sorry, but it seems like there is no video description provided for classification. Could you please provide the description you would like me to classify?"
7529976870197103886,not harmful,No description was provided to evaluate for harmful content.
7500631557137321238,not harmful,"The description is about a pastry and does not contain any harmful content as per the harmful content framework. It is related to food and dessert, which is safe for all audiences."
7500631557137321238,not harmful,"The description is about a pastry and does not contain any harmful content related to the specified categories. It is safe for all audiences, including minors."
7526898772014632214,unclear,"I'm sorry, but I need a video description to classify it as 'harmful' or 'not harmful'. Please provide the description you would like me to evaluate."
7529974595743681815,not harmful,No video description was provided to evaluate for harmful content.
7529542416383184150,unclear,"I'm sorry, but I need a specific video description to classify it as 'harmful' or 'not harmful'. Please provide the description you would like me to evaluate."
7529189388408917270,not harmful,"The description is humorous and light-hearted, discussing a social situation and a chance encounter. There is no indication of harmful content such as disordered eating, self-harm, mature themes, shocking content, hate speech, abuse, addiction, or misinformation."
7529974595743681815,not harmful,No description was provided to evaluate for harmful content.
7529580368026930434,not harmful,"The description is a positive comment about a beauty service related to eyelashes and eyebrows, and does not contain any harmful content as per the framework."
7529580368026930434,not harmful,"The description is a positive comment about a beauty service related to eyelashes and eyebrows, with no harmful content present."
7529933918921854230,not harmful,"The description translates to ""Trying to follow some of you back ‚ù§Ô∏è‚û°Ô∏è"" and does not contain any harmful content as per the provided framework."
7521776930509589783,not harmful,The description is about a food recipe and does not contain any harmful content as per the provided framework.
7529189388408917270,not harmful,"The description is humorous and light-hearted, discussing a social situation and a chance encounter. There is no indication of harmful content such as disordered eating, self-harm, mature themes, shocking content, hate speech, abuse, addiction, or misinformation."
7529189388408917270,not harmful,"The description is humorous and light-hearted, discussing a social situation and a chance encounter. There is no indication of harmful content such as disordered eating, self-harm, mature themes, shocking content, hate speech, abuse, addiction, or misinformation."
7530046318442564886,not harmful,"The description ""@Ella Tiritiello"" does not contain any harmful content or themes as outlined in the harmful content framework. It appears to be a simple mention or tag of a user, which is not inherently harmful."
7529974595743681815,unclear,"I'm sorry, but I need a specific video description to classify it as 'harmful' or 'not harmful'. Please provide the description you would like me to evaluate."
7529189388408917270,not harmful,"The description is humorous and light-hearted, discussing a social situation and a chance encounter. There is no mention of harmful content such as disordered eating, self-harm, mature themes, shocking content, hate speech, abuse, addiction, or misinformation."
7529976870197103886,unclear,"I'm sorry, but it seems like there is no video description provided for me to classify. Could you please provide the description of the TikTok video you would like me to evaluate?"
7504348626336894230,not harmful,"The description appears to be lighthearted and related to school, with no indication of harmful content such as disordered eating, self-harm, mature themes, shocking content, hate speech, abuse, addiction, or misinformation."
7529189388408917270,not harmful,"The description is humorous and light-hearted, discussing a social situation and a chance encounter. There is no indication of harmful content such as disordered eating, self-harm, mature themes, shocking content, hate speech, abuse, addiction, or misinformation."
7527691009958923542,not harmful,No description was provided to evaluate for harmful content.
7529976870197103886,not harmful,No description was provided to evaluate for harmful content.
7527646409038908694,not harmful,"The description ""CI AVEVO SPERATO‚Ä¶"" (translated as ""I had hoped‚Ä¶"") does not contain any explicit references to harmful content such as disordered eating, self-harm, mature themes, shocking content, hate speech, abuse, addiction, or misinformation. It appears to be a vague or personal expression without context indicating toxicity."
7528390461778611478,not harmful,"The description is related to football (soccer) and challenges, which are generally safe and non-harmful activities. There is no indication of any harmful content as per the provided framework."
7528805297016671543,not harmful,"The description suggests a prank, which is generally intended for humor and entertainment. It does not indicate any harmful or dangerous activity, mature themes, or other harmful content categories."
7529933918921854230,not harmful,"The description is simply stating an intention to follow back some users and includes a heart emoji, which does not fall under any harmful content categories."
